<xml xmlns="https://developers.google.com/blockly/xml" id="toolbox" style="display: none">
  <category name="steps">
    <block type="step1"></block>
    <block type="step2"></block>
    <block type="step3"></block>
  </category>
  <category name="state">
    <block type="frog"></block>
    <block type="tadpole"></block>
    <block type="tadpole_withlegs"></block>
    <block type="frog_eggs"></block>
  </category>
  <category name="source">
    <block type="temperature"></block>
    <block type="food_sunshine"></block>
    <block type="water"></block>
    <block type="food_plankton"></block>
    <block type="sunshine"></block>
  </category>
  <category name="action">
    <block type="specialty_leavewater"></block>
    <block type="eat"></block>
  </category>
</xml>